medicine_name_as_listed,pdf_page
15,Abacavir
15,Acetated Ringer’s Solution
15,Acetazolamide (B)
15,Acetylcysteine
15,Aciclovir
15,Activated Charcoal
15,"Adenosine (1, 2)"
15,Adrenaline (see Epinephrine)
15,Albendazole
15,"Albumin, Human (1, 2)"
15,"Alcohol, Ethyl (1, 2)"
15,Alendronate (as sodium salt)
15,Alendronate + Cholecalciferol (vitamin D3)
15,Alfuzosin (as hydrochloride)
16,All‐in‐one Admixtures
16,Allopurinol
16,Alprazolam (A1)
16,Aluminum Hydroxide + Magnesium Hydroxide
16,Amikacin (as sulfate)
16,Amino Acid + carbohydrate + multivitamins + electrolytes
16,Amino Acid + glucose + electrolytes + vitamin B1
16,Amino Acid Solutions for Immunonutrition / Immunoenhancement
16,Amino Acid Solutions for Infants
17,Amino Acid Solutions for Renal Condition
17,Amino Acid Solutions for Hepatic Failure
17,"Amino Acids, Crystalline Standard"
17,Aminophylline (theophylline ethylenediamine) (1)
17,Amiodarone (as hydrochloride) (2)
17,Amlodipine (as besilate/camsylate)
17,Amoxicillin (as trihydrate)
17,Amoxicillin + Potassium Clavulanate (see Co‐Amoxiclav)
17,"Amphotericin B (Lipid Complex) (as cholesteryl complex, colloidal dispersion) (1) *Reserve Antimicrobial"
17,Amphotericin B (Non‐Lipid Complex) (1) *Reserve Antimicrobial
17,Ampicillin (as sodium salt)
18,Ampicillin + Sulbactam
18,Anastrazole
18,Anti‐D Immunoglobulin (human anti‐D immunoglobulin)
18,"Antilymphocyte Immunoglobulin (ALG) (equine) (1, 2)"
18,"Antithymocyte Immunoglobulin (ATG) (rabbit) (1, 2)"
18,Anti‐rabies serum (equine)
18,Anti‐tetanus serum (equine)
18,Aripiprazole
18,Artemether + Lumefantrin (B)
18,Artesunate
18,Ascorbic Acid (vitamin C)
18,"Asparaginase (1, 2)"
18,Aspirin
18,Atenolol
18,Atorvastatin calcium
18,Atracurium (as besilate)
18,"Atropine (as sulfate) (1, 2)"
19,"Azathioprine (1, 2) (B)"
19,Azithromycin
19,Aztreonam *Reserve Antimicrobial
19,Bacitracin + Neomycin + Polymixin B
19,Baclofen
19,Balanced Multiple Maintenance Solution
19,Balanced Multiple Replacement Solution
19,Balanced Multiple Replacement Solution w/ pH 7.4
20,Barium Sulfate
20,"Basiliximab (1, 2)"
20,BCG Vaccine
20,Bedaquiline fumarate
20,Benzoyl Peroxide
20,Benzyl Benzoate
20,Beractant
20,Betahistine (as hydrochloride/ dihydrochloride)
20,Betamethasone
20,Betaxolol (as hydrochloride)
20,Bicalutamide
20,Biperiden
20,Biphasic Isophane Human Insulin 70/30 (recombinant DNA)
20,Bisacodyl
20,Bisoprolol
20,"Bleomycin (as sulfate) (1, 2)"
21,Brimonidine (as tartrate)
21,Brinzolamide
21,Bromazepam (A1)
21,"Bromocriptine (as mesilate) (1, 2)"
21,Budesonide
21,Budesonide + Formoterol
21,Bumetanide
21,Bupivacaine (as hydrochloride) (1)
22,Butamirate (as citrate) (2)
22,Butorphanol (as tartrate) (A1)
22,"Calamine, Plain"
22,Calcipotriol
22,Calcipotriol + Betamethasone
22,"Calcitriol (1, 2)"
22,Calcium
22,Calcium Carbonate
22,Calcium Carbonate + Cholecalciferol (vitamin D3)
22,"Calcium Folinate (leucovorin calcium) (1, 2)"
22,"Calcium Gluconate (1, 2)"
22,Calcium Sennosides (equivalent to Standardized Senna concentrate)
22,"Capecitabine (1, 2)"
22,Capreomycin
22,Captopril
22,Carbachol
22,Carbamazepine
22,Carbetocin
23,"Carboplatin (1, 2)"
23,Carboprost
23,Carboxymethylcellulose (as sodium)
23,Carvedilol
23,Castor Oil
23,Cefalexin (as monohydrate)
23,Cefazolin (as sodium salt)
23,Cefepime (as hydrochloride) *Reserve Antimicrobial
23,Cefixime
23,Cefotaxime (as sodium salt)
23,Cefoxitin
23,Ceftaxidime (Ceftazidime)
23,Ceftriaxone (as disodium/sodium salt)
23,Cefuroxime
24,Celecoxib
24,Cetirizine (as dihydrochloride)
24,"Chlorambucil (1, 2)"
24,Chloramphenicol
24,Chlorhexidine
24,Chloroquine (as phosphate or diphosphate)
24,Chlorphenamine (Chlopheniramine) (as maleate)
24,Chlorpheniramine (see Chlorphenamine)
24,Chlorpromazine (as hydrochloride)
24,"Ciclosporin (1, 2)"
24,Cilostazol
24,Cinnarizine
24,Ciprofloxacin
24,"Cisplatin (1, 2)"
24,Clarithromycin
24,Clindamycin
25,Clobetasol (as propionate)
25,Clofazimine (B)
25,"Clomifene (1, 2)"
25,Clonazepam (A1)
25,Clonidine
25,Clopidogrel
25,Clotrimazole
25,Cloxacillin (as sodium salt)
25,"Clozapine (1, 2)"
25,Co-Amoxiclav (amoxicillin + potassium clavulanate)
25,Cobra Antivenin
25,Codeine (A1)
26,Colchicine
26,Colistin *Reserve Antimicrobial
26,Combined Glucose-Amino Acid Solutions
26,Conjugated Estrogen
26,Cotrimoxazole (sulfamethoxazole + trimethoprim)
26,Crotamiton
26,"Cyclophosphamide (1, 2)"
26,Cycloserine
26,"Cyproterone (as acetate) (1, 2)"
26,"Cytarabine (1, 2)"
26,"Dacarbazine (1, 2)"
26,Daclatasvir
26,"Dactinomycin (1, 2)"
26,Danazol (1)
26,Dantrolene (as sodium salt)
26,Dapsone (B)
26,"Deferiprone (1, 2)"
26,Deferasirox
26,Deferoxamine (as mesilate)
27,"(1, 2)"
27,Delamanid
27,Desflurane (1)
27,Desmopressin (as acetate)
27,Dexamethasone
27,"Dextran, High Molecular Weight (Dextran 70)"
27,Dextromethorphan (as hydrobromide) (2)
27,5% Dextrose in 0.3% Sodium Chloride
27,5% Dextrose in 0.45% Sodium Chloride
27,5% Dextrose in 0.9% Sodium Chloride
28,5% Dextrose in Lactated Ringers
28,5% Dextrose in Water
28,10% Dextrose in Water
28,"Diazepam (1, A1)"
28,Diclofenac
28,Dicycloverine (Dicyclomine) (as hydrochloride)
28,Diethylcarbamazine
28,Digoxin (2)
28,Diloxanide (as furoate)
28,Diltiazem (as hydrochloride)
28,Dimeglumine Gadopentetate
28,"Dimercaprol (1, 2)"
28,"Dimercaptopropane-sulphonate (DMPS) (1, 2)"
28,Diphenhydramine (as hydrochloride)
29,Diphtheria Antitoxin
29,"Diphtheria, Tetanus, Pertussis, Hepatitis B Recombinant and Haemophilus Influenza Type B (Hib) Combined Vaccine"
29,Diphtheria-Tetanus Toxoids (DT)
29,Diphtheria-Tetanus Toxoids (Td)
29,Diphtheria-Tetanus Toxoids and Acellular Pertussis Vaccines (DTaP)
29,Diphtheria-Tetanus Toxoids and Pertussis Vaccine (DTP)
29,Dipyridamole (2)
29,Divalproex Sodium OR Sodium Valproate + Valproic Acid
29,"Dobutamine (1, 2)"
29,"Docetaxel (1, 2)"
29,Dolutegravir
29,Domperidone
29,Donepezil
29,"Dopamine (as hydrochloride) (1,"
30,2)
30,Dorzolamide
30,"Doxorubicin (as hydrochloride) (1, 2)"
30,Doxycycline
30,DTaP + Hib
30,DTP + Hepatitis B Vaccine (recombinant)
30,DTP + Hib
30,DTP + Inactivated Polio Vaccine (IPV)
30,DTP + IPV + Hib
30,Dydrogesterone
30,Efavirenz
30,Emtricitabine + Tenofovir Disoproxil Fumarate
30,Enalapril (as maleate)
30,Enalapril + Hydrochlorothiazide
30,"Enoxaparin (as sodium salt) (1, 2)"
30,Entecavir
30,Enteral Nutrition - Adult Polymeric
31,Enteral Nutrition - Disease Specific
31,Enteral Nutrition - Fiber Containing
31,Enteral Nutrition - Modular
31,Enteral Nutrition - Pediatric Polymeric
32,Enteral Nutrition - Semi- Elemental
32,Ephedrine (A1)
32,Eperisone hydrochloride
32,"Epinephrine (adrenaline) (1, 2)"
32,"Epirubicin (as hydrochloride) (1, 2)"
32,"Epoetin Alfa (recombinant human erythropoietin) (1, 2)"
32,"Epoetin Beta (recombinant erythropoietin) (1, 2)"
32,"Ergotamine (1, 2, A2)"
32,Ertapenem (as sodium salt) *Reserve Antimicrobial
33,Erythromycin
33,Escitalopram (as oxalate)
33,"Esmolol (as hydrochloride) (1, 2)"
33,Ethambutol (as hydrochloride)
33,Ethinylestradiol + Desogestrel
33,Ethinylestradiol + Levonorgestrel
33,Ethinylestradiol + Norethisterone
33,Ethinylestradiol + Norgestrel
33,Etonogestrel
33,"Etoposide (1, 2)"
33,Everolimus
33,"Factor IX Complex Concentrate (coagulation factors II, VII, IX, X) (1, 2)"
33,"Factor VIII Concentrate (1, 2)"
33,Famotidine
33,Felodipine
33,Fenofibrate (1)
33,Fentanyl (as citrate) (A1)
33,Ferrous Salt
34,Ferrous Salt + Folic Acid
34,"Filgrastim (G-CSF) (1, 2)"
34,Finasteride
34,Fluconazole
34,Flucytosine (5-fluorocytosine) (1)
34,"Flumazenil (1, 2)"
34,Flunarizine (as hydrochloride)
34,Fluocinonide
34,Fluorescein (as sodium salt)
34,"Fluorouracil (1, 2)"
34,Fluoxetine (1)
34,Flupentixol (as decanoate) (1)
34,Fluphenazine (as decanoate) (1)
34,"Flutamide (1, 2)"
34,Fluticasone (as propionate)
35,Fluticasone (as propionate) + Formoterol (as fumarate dihydrate)
35,Fluticasone (as propionate) + Salmeterol (as xinafoate)
35,Folic Acid
35,"Fomepizole (4 – methylprazole) (1, 2)"
35,Fondaparinux (as sodium salt)
35,Formoterol
35,Fosfomycin
35,Furosemide
35,Fusidate Sodium / Fusidic Acid
36,Gabapentin
36,Gadobutrol
36,Gadoteric acid
36,Ganciclovir
36,Gas Forming Agent
36,"Gemcitabine (as hydrochloride) (1, 2)"
36,Gentamicin (as sulfate)
36,Gliclazide
36,"Glucagon (as hydrochloride) (1, 2)"
36,Glucose (dextrose)
36,Glycerin (see Glycerol)
36,Glycerol (glycerin)
36,Glyceryl trinitrate (nitroglycerin)
36,Goserelin (as acetate)
36,Haloperidol (1)
36,Halothane (1)
36,Hemodialysis Solution
37,Hemophilus Influenzae type B Conjugated Vaccine (Hib)
37,"Heparin (unfractionated) (as sodium salt) (1, 2)"
37,Hepatitis A Inactivated Vaccine
37,Hepatitis B Immunoglobulin (human)
37,Hepatitis B Vaccine (recombinant DNA)
37,"Human Papillomavirus quadrivalent (types 6, 11, 16, 18) recombinant vaccine"
37,"Human Papillomavirus vaccine types 16 and 18 (Recombinant,"
38,AS04 Adjuvanted)
38,Human Recombinant Tissue Type Plasminogen Activator (Alteplase) (1)
38,Hydralazine (as hydrochloride)
38,Hydrochlorothiazide
38,Hydrocortisone
38,Hydrogen Peroxide
38,Hydroxychloroquine (as sulfate)
38,Hydroxyethyl Starch
38,"Hydroxyurea (1, 2)"
38,Hydroxyzine (as dihydrochloride)
38,Hyoscine (as N-butyl bromide)
38,Hypertonic lactate
39,3% Hypertonic Saline Solution (for diagnosis of pulmonary tuberculosis)
39,Hypromellose
39,Ibuprofen
39,"Idarubicin (as hydrochloride) (1, 2)"
39,"Ifosfamide (1, 2)"
39,"Imatinib (as mesilate) (1, 2)"
39,Imiglucerase
39,Imiquimod
39,"Immunoglobulin Normal, Human (IGIM)"
39,"Immunoglobulin Normal, Human (IGIV) (1)"
39,"Inactivated Polio Vaccine (Types 1, 2, and 3), Salk"
39,"Inactivated Poliomyelitis Vaccine (Types 1, 2 and 3)"
39,Indacaterol (as maleate) + glycopyrronium (as bromide)
39,Indapamide
39,Influenza Polyvalent Vaccine
40,Insulin Glargine
40,"Interferon Alfa 2B (human) (1, 2)"
40,Intraocular Irrigating Solution (balanced salt solution)
40,Iodine
40,Iodixanol
40,Iodized Oil Fluid
40,Iohexol
40,Iopamidol
41,Iopromide
41,Iothalamate
41,Ioversol
41,Ipratropium (as bromide)
41,Ipratropium (as bromide) + Fenoterol (as hydrobromide)
41,Ipratropium + Salbutamol
41,Irbesartan
41,Irbesartan + Hydrochlorothiazide
41,"Irinotecan (as hydrochloride) (1, 2)"
41,Iron sucrose
41,Isoflurane (1)
41,Isoniazid
41,Isoniazid + Rifampicin (B)
42,Isoniazid + Rifampicin + Ethambutol (B)
42,Isoniazid + Rifampicin + Pyrazinamide (B)
42,Isoniazid + Rifampicin + Pyrazinamide + Ethambutol (B)
42,Isophane Insulin Human (recombinant DNA)
42,Isosorbide Dinitrate
42,Isosorbide-5-Mononitrate
42,Isotonic electrolyte solution for IV infusion
42,Isoxsuprine (as hydrochloride)
42,Itraconazole
42,Ivermectin
42,Kanamycin (as sulfate)
42,"Ketamine (as hydrochloride) (1, A1)"
42,Ketoconazole
42,Ketoprofen
42,Ketorolac (as tromethamol)
42,Lactated Ringer's Solution
43,(Ringer's Lactate)
43,Lactulose
43,Lagundi ● [Vitex negundo L. ( Fam. Verbenaceae)]
43,Lamivudine
43,Lamivudine + Efavirenz + Tenofovir
43,Lamivudine +Tenofovir
43,Lamivudine + Zidovudine
43,Lamivudine + Zidovudine + Nevirapine
43,Lamotrigine
43,Lansoprazole
43,Latanoprost
43,Latanoporst + Timolol maleate
43,Letrozole
43,"Leucovorin Calcium (see Calcium Folinate) (1, 2)"
43,"Leuproreline (as acetate) (1, 2)"
43,Levetiracetam
44,Levobupivacaine
44,Levodopa + Carbidopa
44,Levofloxacin
44,Levothyroxine (as sodium/anhydrous sodium)
44,"Lidocaine (as hydrochloride) (1, 2)"
44,Linezolid *Reserve Antimicrobial
44,Lipids
44,Lithium Carbonate (1)
44,Live Attenuated Bivalent Oral Polio Vaccine (Type 1 and 3)
44,Live Attenuated Measles Vaccine
44,"Live Attenuated Measles, Mumps and Rubella (MMR) Vaccine"
44,Live Attenuated Measles and Rubella (MR) Vaccine
44,Live Attenuated Mumps Vaccine
44,Live Attenuated Rubella Vaccine
44,Live Attenuated Varicella Vaccine
44,Loperamide (as hydrochloride)
45,Lopinavir + Ritonavir
45,Loratadine
45,Losartan (as potassium salt)
45,Losartan + Hydrochlorothiazide
45,Lynestrenol
45,"Magnesium Sulfate (as heptahydrate) (1, 2)"
45,Mannitol
45,Mebendazole
45,Mebeverine (as hydrochloride)
45,Mecobalamin
45,Medroxyprogesterone (2)
45,Mefenamic Acid
45,Mefloquine (as hydrochloride) (B)
45,"Megestrol (as acetate) (1, 2)"
45,"Melphalan (1, 2)"
45,Memantine
45,Meningococcal polysaccharide (Neisseria meningitidis) vaccine
46,"Mercaptopurine (1, 2, B)"
46,Meropenem (as trihydrate) *Reserve Antimicrobial
46,Mesalazine (1)
46,"Mesna (sodium-2- mercaptoethanesulphonate) (1, 2)"
46,Metformin (as hydrochloride)
46,Methimazole (thiamazole)
46,Methotrexate (1)
46,Methyldopa
46,"Methylene Blue (1, 2)"
46,Methylergometrine (methylergonovine) (as hydrogen maleate or maleate) (A2)
46,Methylergonovine (see Methylergometrine)
46,"Methylphenidate (1, 2, A1)"
46,Methylprednisolone
47,Metoclopramide
47,Metoprolol (as tartrate)
47,Metronidazole
47,Micafungin *Reserve Antimicrobial
47,Miconazole
47,Micronutrient Powder
48,Midazolam (A1)
48,"Mitoxantrone (1, 2)"
48,Modified Fluid Gelatin (polymerisate of degraded succinylated gelatin
48,Monobasic/Dibasic Sodium Phosphate
48,Montelukast (as sodium salt) (1)
48,Morphine (as sulfate) (A1)
48,Moxifloxacin
49,Multivitamins
49,Mupirocin
49,"Mycophenolate Mofetil (1, 2)"
49,"Mycophenolic Acid (as Mycophenolate Sodium) (1, 2)"
49,"N-acetyl Penicillamine (1, 2)"
49,Nalbuphine (as hydrochloride) (A1)
49,Nalidixic Acid
50,"Naloxone (as hydrochloride) (1, 2)"
50,Naltrexone (as hydrochloride)
50,Naproxen (as sodium salt)
50,Neomycin (as sulfate) + Polymixin B (as sulfate) + Fluocinolone Acetonide
50,Neostigmine
50,Nepafenac
50,Nevirapine
50,Nicardipine (as hydrochloride) (1)
50,Nicotine
50,Nicotine transdermal therapeutic system
50,Nifedipine
50,Nimodipine
50,Nitrofurantoin (B)
50,Nitroglycerin (see Glyceryl Trinitrate)
50,Nitrous Oxide (1)
50,"Norepinephrine (as bitartrate) (1, 2)"
50,Norethisterone (as acetate and as base) (2)
51,Nystatin
51,"Octreotide (as acetate) (1, 2)"
51,Ofloxacin
51,"Olanzapine (1, 2)"
51,Olodaterol (as hydrochloride)
51,Omeprazole
51,"Ondansetron (1, 2)"
51,Oral Rehydration Salts (ORS 75- replacement)
52,Oseltamivir (as phosphate)
52,Oxacillin (as sodium salt)
52,"Oxaliplatin (1, 2)"
52,Oxcarbazepine
52,Oxycodone (as hydrochloride) (A1)
52,Oxycodone (as hydrochloride) + Naloxone (as hydrochloride)
52,Oxygen
52,Oxymetazoline (as hydrochloride)
52,Oxytocin (synthetic) (2)
52,"Paclitaxel (1, 2)"
52,Paliperidone
52,Pancuronium (as bromide) (1)
52,Pantoprazole
52,Para-amino salicylic acid
52,Paracetamol
53,"Peginterferon Alfa 2A (1, 2)"
53,Penicillin G Benzathine (benzathine benzylpenicillin)
53,"Penicillin G Crystalline (benyzylpenicillin) (as sodium salt) (1, 2)"
53,Peritoneal Dialysis Solution
53,Permethrin
53,Pethidine (meperidine) (as hydrochloride) (A1)
53,Petrolatum/ petroleum
53,Phenobarbital (A1)
53,Phenoxymethyl Penicillin (penicillin V) (as potassium salt)
53,Phenylephrine (as hydrochloride)
53,Phenytoin (as sodium salt)
53,Phospholipid fraction from bovine lung
53,"Physostigmine (as salicylate) (1, 2)"
54,"Phytomenadione (phytonadione, vitamin K1)"
54,Pilocarpine (as hydrochloride)
54,Piperacillin + Tazobactam (as sodium salt)
54,"Pneumococcal Conjugate Vaccine (PCV) Multi-dose vial preparation indicated for the following minimum serotypes: 1, 4, 5, 6B, 7F, 9V, 14, 18C, 19A, 19F and 23F"
54,Pneumococcal Polyvalent Vaccine
54,Polymyxin B (as sulfate) *Reserve Antimicrobial
54,Poractant alfa
54,Potassium (as citrate)
54,Potassium Chloride
54,Potassium Phosphate
55,Povidone Iodine
55,"Pralidoxime Chloride (1, 2)"
55,Praziquantel (B)
55,Prednisolone
55,Prednisone
55,Primaquine (as diphosphate)
55,Propofol (1)
55,Propranolol (as hydrochloride)
55,Propylthiouracil
55,"Protamine Sulfate (1, 2)"
55,Prothionamide
55,Proxymetacaine (proparacaine) (as hydrochloride)
55,Pyrazinamide
55,"Pyridostigmine (as bromide) (1, 2)"
55,"Pyridoxine (vitamin B6) (as hydrochloride) (1, 2)"
55,Pyrimethamine (B)
55,Quetiapine (as fumarate)
55,Quinine
56,Rabeprazole sodium
56,Rabies Immunoglobulin (human)
56,"Rabies vaccine, Chick Embryo Cell (purified, inactivated)"
56,"Rabies vaccine, Vero Cell (purified)"
56,Ranitidine (as hydrochloride)
56,"Regular, Insulin (recombinant DNA human)"
56,Remifentanil
56,Retinol (vitamin A) (as palmitate) (2)
56,Ribavirin
56,Rifabutin
56,Rifampicin
56,Rifapentine
56,Rifaximin
56,Rilpivirine (as hydrochloride)
56,Risperidone
56,"Rituximab (1, 2)"
57,Rivastigmine (as hydrogen tartrate)
57,Rocuronium (as bromide) (1)
57,Ropivacaine (as hydrochloride)
57,Rosuvastatin (as calcium salt)
57,Sacubitril/Valsartan
57,Salbutamol (as sulfate)
57,Salicylic Acid
57,Sambong [Blumea balsamifera (L) DC (Fam. Compositae)] ●
57,Selegiline (as hydrochloride)
57,Selenium Sulfide
57,Sertraline (as hydrochloride)
57,Sevelamer carbonate
57,Sevoflurane (1)
57,Silver Sulfadiazine
57,Simvastatin (1)
57,"Sirolimus (1, 2)"
58,Sodium Bicarbonate
58,"Sodium Calcium Edetate (1, 2)"
58,Sodium Chloride
58,0.9% Sodium Chloride
58,Sodium Dichloroisocyanurate (to be used for water purification)
58,Sodium Hyaluronate
58,Sodium Hypochlorite
58,"Sodium Iodide (1, 2) 1311"
58,"Sodium Nitrite (1, 2)"
58,"Sodium Nitroprusside (1, 2)"
58,Sodium Sulfate
58,"Sodium Thiosulfate (1, 2)"
58,Sodium Valproate
58,Sodium Valproate + Valproic Acid
58,Sofosbuvir
58,Sofosbuvir + ledipasvir
58,Sofosbuvir + velpatasvir
59,"Somatostatin (1, 2)"
59,Soya bean oil + Medium chain triglycerides + Olive oil + Purified fish oil
59,Spectinomycin (2)
59,"Spironolactone (K-sparer) (2, B)"
59,Standard Senna Concentrate
59,Sterile Water for Injection
59,"Streptokinase (1, 2)"
59,Streptomycin (as sulfate)
59,"Succimer (dimercapto succinic acid, DMSA) (1, 2)"
59,Sucralfate
59,Sugammadex
59,Sulfacetamide + Prednisolone
59,Sulfamethoxazole + Trimethoprim (see Cotrimoxazole)
59,Sulfur
59,Sumatriptan
59,Suxamethonium (succinylcholine) (as chloride) (1)
59,"Tacrolimus (1, 2)"
59,Tafluprost
59,"Tamoxifen (as citrate) (1, 2)"
59,Tamsulosin
59,"Tegafur + Uracil (1, 2)"
59,Telmisartan
59,Telmisartan + Hydrochlorothiazide
60,Tenofovir alafenamide fumarate
60,Tenofovir disoproxil fumarate
60,Tenofovir + Lamivudine + Dolutegravir
60,Terazosin (as hydrochloride)
60,Terbinafine
60,Terbutaline (as sulfate)
60,Testosterone (as undecanoate) (1)
60,Tetanus Immunoglobulin (human)
60,Tetanus Toxoid
60,Tetracaine
60,Tetracycline
60,Theophylline (anhydrous)
60,Thiamine (Vitamin B1)
60,"Thiopental Sodium (1, A1)"
60,Timolol (as maleate)
60,"Tinzaparin (as sodium) (1, 2)"
60,Tiotropium (as bromide)
61,Tobramycin
61,Tobramycin + Dexamethasone
61,Tocilizumab
61,Tolvaptan
61,Topiramate
61,Trace Elements
61,Tramadol (as hydrochloride) (1)
61,Tranexamic Acid
61,"Trastuzumab (1, 2)"
61,Travoprost
61,Triclabendazole
61,Trimetazidine (as hydrochloride)
61,Tropicamide
61,Tropicamide + phenylephrine hydrochloride
61,Tsaang Gubat ● [Carmona retusa (Vahl) Masam (Fam. Boraginaceae)]
61,"Tuberculin, Purified Protein Derivative (PPD)"
62,Typhoid Vaccine
62,Ursodeoxycholic Acid
62,Valaciclovir (as hydrochloride)
62,Valganciclovir
62,Valproic Acid
62,Valsartan
62,Valsartan + Hydrochlorothiazide
62,Vancomycin (as hydrochloride) *Reserve Antimicrobial
62,Varenicline
62,Varicella Zoster Immunoglobulin (VZIG)
62,Vasopressin
62,Vecuronium (as bromide) (1
62,Verapamil (as hydrochloride)
62,"Vinblastine (as sulfate) (1, 2)"
62,"Vincristine (as sulfate) (1, 2)"
62,Vitamin A (see Retinol)
62,Vitamin B1 B6 B12
62,Vitamin B6 (see Pyridoxine)
62,Vitamin C (see Ascorbic Acid)
63,"Vitamin Intravenous, Fat-Soluble"
63,"Vitamin Intravenous, Water- Soluble"
63,Vitamin K1 (see Phytomenadione)
63,Voriconazole (Inj. - *Reserve Antimicrobial
63,"Warfarin (as sodium salt) (1, 2)"
63,Yellow Fever Vaccine
63,Zidovudine
63,Zidovudine + Lamivudine
63,Zinc
63,Zoledronic Acid
63,Zolmitriptan
63,Zolpidem (A1)
